{"accuracy": [0.767508327960968, 0.9443345665931702, 0.9633828997612, 0.974137544631958, 0.9768262505531311], "loss": [0.8298627138137817, 0.17484071850776672, 0.1173320934176445, 0.08490676432847977, 0.0780688002705574], "val_accuracy": [0.9368312954902649, 0.9480992555618286, 0.9549852013587952, 0.9557250142097473, 0.9702936410903931], "val_loss": [0.2009374350309372, 0.1687925159931183, 0.16108649969100952, 0.17156821489334106, 0.10581132024526596]}