{"accuracy": [0.7905256152153015, 0.8919411301612854, 0.9273632764816284, 0.9463119506835938, 0.9576783776283264], "loss": [0.6708759069442749, 0.342235803604126, 0.22541958093643188, 0.16599434614181519, 0.12919962406158447], "val_accuracy": [0.8823696970939636, 0.9225472211837769, 0.932392418384552, 0.952481210231781, 0.9418962001800537], "val_loss": [0.37173953652381897, 0.24096490442752838, 0.20660650730133057, 0.1499089002609253, 0.18475769460201263]}